{
  "feature_names": [
    "temp",
    "humidity",
    "co",
    "lpg",
    "hour",
    "day_of_week",
    "month",
    "weekend_flag"
  ],
  "min_": [
    0.0,
    1.100000023841858,
    0.0011705085484379,
    0.0026934786226618,
    0.0,
    0.0,
    7.0,
    0.0
  ],
  "max_": [
    30.600000381469727,
    99.9000015258789,
    0.0144201053045069,
    0.0165673771625031,
    23.0,
    6.0,
    7.0,
    1.0
  ],
  "scale_": [
    0.032679738154695076,
    0.01012145733600401,
    75.47399505135493,
    72.07779393285362,
    0.043478260869565216,
    0.16666666666666666,
    1.0,
    1.0
  ],
  "min_offset_": [
    0.0,
    -0.011133603310918758,
    -0.0883429563923707,
    -0.19413999712676364,
    0.0,
    0.0,
    -7.0,
    0.0
  ],
  "data_range_": [
    30.600000381469727,
    98.80000150203705,
    0.013249596756069,
    0.0138738985398413,
    23.0,
    6.0,
    0.0,
    1.0
  ]
}