{
  "feature_names": [
    "temp",
    "humidity",
    "co",
    "lpg"
  ],
  "min_": [
    0.0,
    1.100000023841858,
    0.0011705085484379,
    0.0026934786226618
  ],
  "max_": [
    30.600000381469727,
    99.9000015258789,
    0.0144201053045069,
    0.0165673771625031
  ],
  "scale_": [
    0.032679738154695076,
    0.01012145733600401,
    75.47399505135493,
    72.07779393285362
  ],
  "min_offset_": [
    0.0,
    -0.011133603310918758,
    -0.0883429563923707,
    -0.19413999712676364
  ],
  "data_range_": [
    30.600000381469727,
    98.80000150203705,
    0.013249596756069,
    0.0138738985398413
  ]
}